code_circ,cand_id,name_long,name,fname,orientation,code_dept,bloc
1,1,MICHEL Cécile UG,MICHEL,Cécile,UG,38,left
2,1,CADÈNE Nicolas UG,CADÈNE,Nicolas,UG,30,left
3,1,MONNET Yannick UG,MONNET,Yannick,UG,3,left
4,1,BARBOTIN Arnaud UXD,BARBOTIN,Arnaud,UXD,94,far_right
5,1,CAROIT Eléonore ENS,CAROIT,Eléonore,ENS,ZZ,center
6,1,ALARCON Stéphanie RN,ALARCON,Stéphanie,RN,31,far_right
7,1,ALBERTINI Xavier ENS,ALBERTINI,Xavier,ENS,51,center
8,1,HABERT-DASSAULT Victor LR,HABERT-DASSAULT,Victor,LR,60,right
9,1,WARSMANN Jean-Luc DVD,WARSMANN,Jean-Luc,DVD,8,right
10,1,AUGUSTE Benoît RN,AUGUSTE,Benoît,RN,38,far_right
11,1,MALANDRINO Anne-Marie UXD,MALANDRINO,Anne-Marie,UXD,38,far_right
12,1,NAEGELEN Christophe DVD,NAEGELEN,Christophe,DVD,88,right
13,1,PEYTAVIE Sébastien UG,PEYTAVIE,Sébastien,UG,24,left
14,1,LEBOUCHER Elise UG,LEBOUCHER,Elise,UG,72,left
15,1,BOULOGNE Anthony RN,BOULOGNE,Anthony,RN,54,far_right
16,1,BERGÉ Aurore ENS,BERGÉ,Aurore,ENS,78,center
17,1,BAREGES Brigitte UXD,BAREGES,Brigitte,UXD,82,far_right
18,1,ACQUAVIVA Jean-Félix REG,ACQUAVIVA,Jean-Félix,REG,2B,other
19,1,AMARD Gabriel UG,AMARD,Gabriel,UG,69,left
20,1,CHASSAIGNE André UG,CHASSAIGNE,André,UG,63,left
21,1,BATHO Delphine ECO,BATHO,Delphine,ECO,79,left
22,1,BERNHARDT Théo RN,BERNHARDT,Théo,RN,67,far_right
23,1,BAY Christophe RN,BAY,Christophe,RN,28,far_right
24,1,BROCARD Blandine ENS,BROCARD,Blandine,ENS,69,center
25,1,HOUSSIN Timothée RN,HOUSSIN,Timothée,RN,27,far_right
26,1,BRASSENS Bertrand UG,BRASSENS,Bertrand,UG,60,left
27,1,BEGUE Christelle RN,BEGUE,Christelle,RN,974,far_right
28,1,DUENAS Bastian RN,DUENAS,Bastian,RN,18,far_right
29,1,BELL Annie RN,BELL,Annie,RN,53,far_right
30,1,UNTERMAIER Cécile UG,UNTERMAIER,Cécile,UG,71,left
31,1,BELOUASSA-CHERIFI Anaïs UG,BELOUASSA-CHERIFI,Anaïs,UG,69,left
32,1,DIRX Benjamin ENS,DIRX,Benjamin,ENS,71,center
33,1,BENE Cécile RN,BENE,Cécile,RN,38,far_right
34,1,MARTIN Élisa UG,MARTIN,Élisa,UG,38,left
35,1,DE KERSAUSON Florent RN,DE KERSAUSON,Florent,RN,56,far_right
36,1,LEGER Julien UG,LEGER,Julien,UG,94,left
37,1,MESTER Pauline RN,MESTER,Pauline,RN,8,far_right
38,1,LACROIX Alexandre UXD,LACROIX,Alexandre,UXD,38,far_right
39,1,BEAUDET Stéphane DIV,BEAUDET,Stéphane,DIV,91,other
40,1,BEX Christophe UG,BEX,Christophe,UG,31,left
41,1,DELAPORTE Arthur UG,DELAPORTE,Arthur,UG,14,left
42,1,PAGANI Isabelle UG,PAGANI,Isabelle,UG,26,left
43,1,BERNALICIS Ugo UG,BERNALICIS,Ugo,UG,59,left
44,1,BERGER Jean-Didier LR,BERGER,Jean-Didier,LR,92,right
45,1,BERTELOOT Pierrick RN,BERTELOOT,Pierrick,RN,59,far_right
46,1,DAUBENBERGER Delphine RN,DAUBENBERGER,Delphine,RN,67,far_right
47,1,BIESBROUCK Ludovic RN,BIESBROUCK,Ludovic,RN,40,far_right
48,1,MOSCA Thierry RN,MOSCA,Thierry,RN,39,far_right
49,1,DUCAMP François RN,DUCAMP,François,RN,37,far_right
50,1,BLANC Sophie RN,BLANC,Sophie,RN,66,far_right
51,1,BERTHOLOM Karen RN,BERTHOLOM,Karen,RN,17,far_right
52,1,BLOCH Matthieu UXD,BLOCH,Matthieu,UXD,25,far_right
53,1,BRUN Philippe UG,BRUN,Philippe,UG,27,left
54,1,BIHOUEE Tony RN,BIHOUEE,Tony,RN,29,far_right
55,1,BELAOUNI Nadia UG,BELAOUNI,Nadia,UG,34,left
56,1,BONNET Arnaud UG,BONNET,Arnaud,UG,77,left
57,1,BONNET Sylvie LR,BONNET,Sylvie,LR,42,right
58,1,TURQUOIS Nicolas ENS,TURQUOIS,Nicolas,ENS,86,center
59,1,CARRIERE Sylvain UG,CARRIERE,Sylvain,UG,34,left
60,1,BOUHADA May UG,BOUHADA,May,UG,94,left
61,1,ROUSSET Jean-François ENS,ROUSSET,Jean-François,ENS,12,center
62,1,CLOUET Hadrien UG,CLOUET,Hadrien,UG,31,left
63,1,LASCAUD Clémence RN,LASCAUD,Clémence,RN,49,far_right
64,1,BOUMERTIT Idir UG,BOUMERTIT,Idir,UG,69,left
65,1,BOUQUIN Manon RN,BOUQUIN,Manon,RN,34,far_right
66,1,MARIEL-GODARD Julie UG,MARIEL-GODARD,Julie,UG,85,left
67,1,BOURDOULEIX Gilles UXD,BOURDOULEIX,Gilles,UXD,49,far_right
68,1,MENARD Charles UG,MENARD,Charles,UG,30,left
69,1,WEBER Frédéric RN,WEBER,Frédéric,RN,54,far_right
70,1,BOVET Jorys RN,BOVET,Jorys,RN,3,far_right
71,1,THEVENOT Prisca ENS,THEVENOT,Prisca,ENS,92,center
72,1,SEBAIHI Sabrina UG,SEBAIHI,Sabrina,UG,92,left
73,1,LARSONNEUR Jean-Charles DVC,LARSONNEUR,Jean-Charles,DVC,29,center
74,1,BREUIL Hervé RN,BREUIL,Hervé,RN,42,far_right
75,1,FALCON Frédéric RN,FALCON,Frédéric,RN,11,far_right
76,1,THOMAÏDIS Renée RN,THOMAÏDIS,Renée,RN,29,far_right
77,1,BRIGAND Hubert LR,BRIGAND,Hubert,LR,21,right
78,1,CRESSON Nicolas RN,CRESSON,Nicolas,RN,64,far_right
79,1,DUFAU Peio UG,DUFAU,Peio,UG,64,left
80,1,HUMBERT DUPALAIS Alexandre UXD,HUMBERT DUPALAIS,Alexandre,UXD,69,far_right
81,1,MOULIN Maxime RN,MOULIN,Maxime,RN,59,far_right
82,1,BRUN Davy RN,BRUN,Davy,RN,77,far_right
83,1,CALBRIX Nicolas RN,CALBRIX,Nicolas,RN,14,far_right
84,1,CALIFER Elie SOC,CALIFER,Elie,SOC,971,left
85,1,HERVIEU Céline UG,HERVIEU,Céline,UG,75,left
86,1,SOUDAIS Ersilia UG,SOUDAIS,Ersilia,UG,77,left
87,1,CASTOR Jean-Victor REG,CASTOR,Jean-Victor,REG,973,other
88,1,PICHON Julio RN,PICHON,Julio,RN,44,far_right
89,1,RIMANE Davy REG,RIMANE,Davy,REG,973,other
90,1,LOUFFOK Lyes UG,LOUFFOK,Lyes,UG,94,left
91,1,CAZENAVE Thomas ENS,CAZENAVE,Thomas,ENS,33,center
92,1,CAZENEUVE Jean-René ENS,CAZENEUVE,Jean-René,ENS,32,center
93,1,CENDRÉ Alice RN,CENDRÉ,Alice,RN,32,far_right
94,1,HEROUIN-LÉAUTEY Florence UG,HEROUIN-LÉAUTEY,Florence,UG,76,left
95,1,MERRIEN Paul-Henri RN,MERRIEN,Paul-Henri,RN,91,far_right
96,1,HABIB Meyer LR,HABIB,Meyer,LR,ZZ,right
97,1,TOUMI Damien RN,TOUMI,Damien,RN,80,far_right
98,1,CHATELAIN Cyrielle UG,CHATELAIN,Cyrielle,UG,38,left
99,1,PISANI Florence UG,PISANI,Florence,UG,1,left
100,1,SÉJOURNÉ Stéphane ENS,SÉJOURNÉ,Stéphane,ENS,92,center
101,1,PAVAGEAU Tim RN,PAVAGEAU,Tim,RN,49,far_right
102,1,LORHO Marie-France RN,LORHO,Marie-France,RN,84,far_right
103,1,LACROIX Gilles RN,LACROIX,Gilles,RN,15,far_right
104,1,NAUTH Cyril RN,NAUTH,Cyril,RN,78,far_right
105,1,CHEVALLIER Estelle RN,CHEVALLIER,Estelle,RN,86,far_right
106,1,THIÉBAULT-MARTINEZ Céline UG,THIÉBAULT-MARTINEZ,Céline,UG,77,left
107,1,CHOMARD Victor RN,CHOMARD,Victor,RN,57,far_right
108,1,CHRETIEN Claudie UG,CHRETIEN,Claudie,UG,82,left
109,1,DUBOIS Francis LR,DUBOIS,Francis,LR,19,right
110,1,COISNE Hadrien ENS,COISNE,Hadrien,ENS,62,center
111,1,DUPLESSY Emmanuel UG,DUPLESSY,Emmanuel,UG,45,left
112,1,BAUMEL Laurent UG,BAUMEL,Laurent,UG,37,left
113,1,CHAUVEAU Emma RN,CHAUVEAU,Emma,RN,17,far_right
114,1,LE GAC Didier ENS,LE GAC,Didier,ENS,29,center
115,1,PECQUEUR Bryan RN,PECQUEUR,Bryan,RN,44,far_right
116,1,COLOMBANI Paul-André REG,COLOMBANI,Paul-André,REG,2A,other
117,1,BARA Laurence RN,BARA,Laurence,RN,59,far_right
118,1,JOSSO Sandrine ENS,JOSSO,Sandrine,ENS,44,center
119,1,GUIBERT Audrey RN,GUIBERT,Audrey,RN,91,far_right
120,1,CORMIER-BOULIGEON François ENS,CORMIER-BOULIGEON,François,ENS,18,center
121,1,COSSON Mickaël ENS,COSSON,Mickaël,ENS,22,center
122,1,COTREL Stéphanie RN,COTREL,Stéphanie,RN,44,far_right
123,1,COURREGELONGUE Christophe UG,COURREGELONGUE,Christophe,UG,47,left
124,1,JAOUEN Catherine RN,JAOUEN,Catherine,RN,84,far_right
125,1,COUSIN Annick RN,COUSIN,Annick,RN,47,far_right
126,1,KLINKERT Brigitte ENS,KLINKERT,Brigitte,ENS,68,center
127,1,PATOUT Cecile RN,PATOUT,Cecile,RN,69,far_right
128,1,GREGOIRE Olivia ENS,GREGOIRE,Olivia,ENS,75,center
129,1,DELBOSQ Sébastien RN,DELBOSQ,Sébastien,RN,47,far_right
130,1,D'ORSANNE Virginie RN,D'ORSANNE,Virginie,RN,35,far_right
131,1,MORIN Stéphane RN,MORIN,Stéphane,RN,17,far_right
132,1,DOMBRE-COSTE Fanny UG,DOMBRE-COSTE,Fanny,UG,34,left
133,1,SITZENSTUHL Charles ENS,SITZENSTUHL,Charles,ENS,67,center
134,1,MAUVIEUX Kévin RN,MAUVIEUX,Kévin,RN,27,far_right
135,1,DARLES Emmanuelle RN,DARLES,Emmanuelle,RN,86,far_right
136,1,FESNEAU Marc ENS,FESNEAU,Marc,ENS,41,center
137,1,GONDARD Cécilia UG,GONDARD,Cécilia,UG,ZZ,left
138,1,DE FOURNAS Grégoire RN,DE FOURNAS,Grégoire,RN,33,far_right
139,1,JULES-ARTHUR Maximillien UG,JULES-ARTHUR,Maximillien,UG,95,left
140,1,ALOZY Michèle RN,ALOZY,Michèle,RN,9,far_right
141,1,DE PÉLICHY Constance DVD,DE PÉLICHY,Constance,DVD,45,right
142,1,PRADIÉ Aurélien LR,PRADIÉ,Aurélien,LR,46,right
143,1,MAILLART-MÉHAIGNERIE Laurence ENS,MAILLART-MÉHAIGNERIE,Laurence,ENS,35,center
144,1,DELAUTRETTE Stéphane UG,DELAUTRETTE,Stéphane,UG,87,left
145,1,AMIEL David ENS,AMIEL,David,ENS,75,center
146,1,DELPECH Julie ENS,DELPECH,Julie,ENS,72,center
147,1,CATHUS Christophe UG,CATHUS,Christophe,UG,24,left
148,1,BENTZ Christophe RN,BENTZ,Christophe,RN,52,far_right
149,1,KIEFFER Antoine RN,KIEFFER,Antoine,RN,22,far_right
150,1,DESCOEUR Vincent DVD,DESCOEUR,Vincent,DVD,15,right
151,1,HENRY Chantal RN,HENRY,Chantal,RN,14,far_right
152,1,LANDRU Christine RN,LANDRU,Christine,RN,59,far_right
153,1,PORTES Thomas UG,PORTES,Thomas,UG,93,left
154,1,SERVA Olivier DVG,SERVA,Olivier,DVG,971,left
155,1,DIDIER Geoffroy LR,DIDIER,Geoffroy,LR,92,right
156,1,KBIDI Emeline DVG,KBIDI,Emeline,DVG,974,left
157,1,SCHELLENBERGER Raphaël LR,SCHELLENBERGER,Raphaël,LR,68,right
158,1,BELLAY Beatrice SOC,BELLAY,Beatrice,SOC,972,left
159,1,DIVE Julien LR,DIVE,Julien,LR,2,right
160,1,AMIOT Ségolène UG,AMIOT,Ségolène,UG,44,left
161,1,DOLLE Benoît RN,DOLLE,Benoît,RN,62,far_right
162,1,LE PEIH Nicole ENS,LE PEIH,Nicole,ENS,56,center
163,1,PORQUET Céline RN,PORQUET,Céline,RN,7,far_right
164,1,MARTINET William UG,MARTINET,William,UG,78,left
165,1,HEUZEY Alexandre RN,HEUZEY,Alexandre,RN,43,far_right
166,1,HADDAD Benjamin ENS,HADDAD,Benjamin,ENS,75,center
167,1,GOULET Perrine ENS,GOULET,Perrine,ENS,58,center
168,1,DUROVRAY François DVD,DUROVRAY,François,DVD,91,right
169,1,SANVERT Arnaud RN,SANVERT,Arnaud,RN,71,far_right
170,1,LE BOURGEOIS Robert RN,LE BOURGEOIS,Robert,RN,76,far_right
171,1,RIBEIRO BILLET Nathalie RN,RIBEIRO BILLET,Nathalie,RN,80,far_right
172,1,DUMONT Pierre-Henri LR,DUMONT,Pierre-Henri,LR,62,right
173,1,METZDORF Nicolas DVD,METZDORF,Nicolas,DVD,988,right
174,1,THIERRY Nicolas UG,THIERRY,Nicolas,UG,33,left
175,1,DUPRÉ Isabelle RN,DUPRÉ,Isabelle,RN,63,far_right
176,1,FONTANA Philippe UXD,FONTANA,Philippe,UXD,77,far_right
177,1,DUSSAUSAYE Gaëtan RN,DUSSAUSAYE,Gaëtan,RN,88,far_right
178,1,CORBIÈRE Alexis DVG,CORBIÈRE,Alexis,DVG,93,left
179,1,ELOPHE Valéry RN,ELOPHE,Valéry,RN,19,far_right
180,1,ERODI Karen UG,ERODI,Karen,UG,81,left
181,1,CAPDEVIELLE Colette UG,CAPDEVIELLE,Colette,UG,64,left
182,1,ALLEGRET-PILOT Alexandre UXD,ALLEGRET-PILOT,Alexandre,UXD,30,far_right
183,1,LATOMBE Philippe ENS,LATOMBE,Philippe,ENS,85,center
184,1,EVRARD Auguste RN,EVRARD,Auguste,RN,62,far_right
185,1,MAUDET Damien UG,MAUDET,Damien,UG,87,left
186,1,PALLOT Florence UG,PALLOT,Florence,UG,7,left
187,1,LAMARA Laurent RN,LAMARA,Laurent,RN,33,far_right
188,1,DIMITROVA Ivanka RN,DIMITROVA,Ivanka,RN,77,far_right
189,1,LAGARDE Aude UDI,LAGARDE,Aude,UDI,93,right
190,1,FERRAND Thierry RN,FERRAND,Thierry,RN,6,far_right
191,1,FEVRE François UXD,FEVRE,François,UXD,72,far_right
192,1,DELRIEU Florian ENS,DELRIEU,Florian,ENS,31,center
193,1,FIRMIN LE BODO Agnès HOR,FIRMIN LE BODO,Agnès,HOR,76,center
194,1,TACHÉ Aurélien UG,TACHÉ,Aurélien,UG,95,left
195,1,BOURLIEUX Jimmy RN,BOURLIEUX,Jimmy,RN,33,far_right
196,1,FOLEST Estelle ENS,FOLEST,Estelle,ENS,95,center
197,1,LAHMAR Abdelkader UG,LAHMAR,Abdelkader,UG,69,left
198,1,FOUQUART Emmanuel RN,FOUQUART,Emmanuel,RN,13,far_right
199,1,AUCANTE Nils DVD,AUCANTE,Nils,DVD,41,right
200,1,BORDES Pascale RN,BORDES,Pascale,RN,30,far_right
201,1,FOURREAU Emma UG,FOURREAU,Emma,UG,14,left
202,1,FREYCHET Albin RN,FREYCHET,Albin,RN,87,far_right
203,1,LUTZ Thomas RN,LUTZ,Thomas,RN,25,far_right
204,1,FUCHS Bruno ENS,FUCHS,Bruno,ENS,68,center
205,1,GALBERT Franck RN,GALBERT,Franck,RN,6,far_right
206,1,ANDRIEU Philippe UG,ANDRIEU,Philippe,UG,11,left
207,1,NILOR Jean-Philippe REG,NILOR,Jean-Philippe,REG,972,other
208,1,PRONONCE Hervé ENS,PRONONCE,Hervé,ENS,63,center
209,1,VIDAL Annie ENS,VIDAL,Annie,ENS,76,center
210,1,GAROT Guillaume UG,GAROT,Guillaume,UG,53,left
211,1,PERIGAULT Isabelle LR,PERIGAULT,Isabelle,LR,77,right
212,1,GAULTIER Jean-Jacques LR,GAULTIER,Jean-Jacques,LR,88,right
213,1,PETCHENINA Ludmila RN,PETCHENINA,Ludmila,RN,61,far_right
214,1,AMADOU Aude ENS,AMADOU,Aude,ENS,44,center
215,1,GENTILLET Pierre RN,GENTILLET,Pierre,RN,18,far_right
216,1,BELHADDAD Belkhir ENS,BELHADDAD,Belkhir,ENS,57,center
217,1,SIMION Arnaud UG,SIMION,Arnaud,UG,31,left
218,1,GERARD Félicie HOR,GERARD,Félicie,HOR,59,center
219,1,GERARD Raphaël ENS,GERARD,Raphaël,ENS,17,center
220,1,SAINT-PAUL Laëtitia ENS,SAINT-PAUL,Laëtitia,ENS,49,center
221,1,BOUYX Bertrand ENS,BOUYX,Bertrand,ENS,14,center
222,1,GERNIGON François ENS,GERNIGON,François,ENS,49,center
223,1,GERY Jonathan RN,GERY,Jonathan,RN,69,far_right
224,1,CHRETIEN Alain ENS,CHRETIEN,Alain,ENS,70,center
225,1,MÉNARD Emmanuelle DVD,MÉNARD,Emmanuelle,DVD,34,right
226,1,FAYSSAT Olivier UXD,FAYSSAT,Olivier,UXD,13,far_right
227,1,GIRARDIN Olivier UG,GIRARDIN,Olivier,UG,10,left
228,1,DI FILIPPO Fabien LR,DI FILIPPO,Fabien,LR,57,right
229,1,GIVERNET Olga ENS,GIVERNET,Olga,ENS,1,center
230,1,VEYRI Timour UG,VEYRI,Timour,UG,27,left
231,1,GODARD Océane UG,GODARD,Océane,UG,21,left
232,1,GOKEL Julien DIV,GOKEL,Julien,DIV,59,other
233,1,COULOMME Jean-François UG,COULOMME,Jean-François,UG,73,left
234,1,JOLIVET François HOR,JOLIVET,François,HOR,36,center
235,1,GOUSSEAU Luc-Etienne RN,GOUSSEAU,Luc-Etienne,RN,48,far_right
236,1,GRABY Valérie RN,GRABY,Valérie,RN,39,far_right
237,1,LHARDIT Laurent UG,LHARDIT,Laurent,UG,13,left
238,1,DOGOR-SUCH Sandrine RN,DOGOR-SUCH,Sandrine,RN,66,far_right
239,1,GALZY Stéphanie RN,GALZY,Stéphanie,RN,34,far_right
240,1,PANCHER Bertrand DVD,PANCHER,Bertrand,DVD,55,right
241,1,GUEDJ Jérôme UG,GUEDJ,Jérôme,UG,91,left
242,1,GUERINI Stanislas ENS,GUERINI,Stanislas,ENS,75,center
243,1,SAINT-MARTIN Arnaud UG,SAINT-MARTIN,Arnaud,UG,77,left
244,1,SIMONNET Danielle DVG,SIMONNET,Danielle,DVG,75,left
245,1,ROSSI Valérie UG,ROSSI,Valérie,UG,5,left
246,1,ATTAL Gabriel ENS,ATTAL,Gabriel,ENS,92,center
247,1,GUINIOT Michel RN,GUINIOT,Michel,RN,60,far_right
248,1,GUYENOT Tatiana RN,GUYENOT,Tatiana,RN,21,far_right
249,1,PAUL Christian UG,PAUL,Christian,UG,58,left
250,1,BOUDIÉ Florent ENS,BOUDIÉ,Florent,ENS,33,center
251,1,STUDER Bruno ENS,STUDER,Bruno,ENS,67,center
252,1,NOTTIN Bruno UG,NOTTIN,Bruno,UG,45,left
253,1,BILDE Dominique RN,BILDE,Dominique,RN,54,far_right
254,1,EBRAN Marie-Christine RN,EBRAN,Marie-Christine,RN,85,far_right
255,1,BAUBRY Romain RN,BAUBRY,Romain,RN,13,far_right
256,1,HETZEL Patrick LR,HETZEL,Patrick,LR,67,right
257,1,HILLAIRE Mathieu UG,HILLAIRE,Mathieu,UG,91,left
258,1,MARION Tangi RN,MARION,Tangi,RN,35,far_right
259,1,FRANÇOIS Jacques RN,FRANÇOIS,Jacques,RN,35,far_right
260,1,DAUCHY Marie RN,DAUCHY,Marie,RN,73,far_right
261,1,IORDANOFF Jérémie UG,IORDANOFF,Jérémie,UG,38,left
262,1,REMY Nadejda RN,REMY,Nadejda,RN,95,far_right
263,1,MARTINEAU Eric ENS,MARTINEAU,Eric,ENS,72,center
264,1,JACQUES Jean-Michel ENS,JACQUES,Jean-Michel,ENS,56,center
265,1,GEST Anthony ENS,GEST,Anthony,ENS,80,center
266,1,QUIGNARD Laure UG,QUIGNARD,Laure,UG,6,left
267,1,FOSSEY Véronique RN,FOSSEY,Véronique,RN,40,far_right
268,1,LAUSSUCQ Jean ENS,LAUSSUCQ,Jean,ENS,75,center
269,1,JACOBELLI Laurent RN,JACOBELLI,Laurent,RN,57,far_right
270,1,JORON Virginie RN,JORON,Virginie,RN,67,far_right
271,1,PIERRE Benoist ENS,PIERRE,Benoist,ENS,37,center
272,1,GAILLARD Perceval UG,GAILLARD,Perceval,UG,974,left
273,1,JUMEL Sébastien UG,JUMEL,Sébastien,UG,76,left
274,1,LÉAUMENT Antoine UG,LÉAUMENT,Antoine,UG,91,left
275,1,KASBARIAN Guillaume ENS,KASBARIAN,Guillaume,ENS,28,center
276,1,DE ROZIERES Babette UXD,DE ROZIERES,Babette,UXD,78,far_right
277,1,CHAUCHE Florian UG,CHAUCHE,Florian,UG,90,left
278,1,SIMON Marie RN,SIMON,Marie,RN,42,far_right
279,1,KEMPF Raphaël UG,KEMPF,Raphaël,UG,75,left
280,1,KESSACI Amine UG,KESSACI,Amine,UG,13,left
281,1,PRIBETICH Pierre UG,PRIBETICH,Pierre,UG,21,left
282,1,KOTARAC Andréa RN,KOTARAC,Andréa,RN,1,far_right
283,1,BOCCALETTI Frédéric RN,BOCCALETTI,Frédéric,RN,83,far_right
284,1,LABARONNE Daniel ENS,LABARONNE,Daniel,ENS,37,center
285,1,LACAPELLE Jean-Lin RN,LACAPELLE,Jean-Lin,RN,45,far_right
286,1,PANNIER-RUNACHER Agnès ENS,PANNIER-RUNACHER,Agnès,ENS,62,center
287,1,EDMOND-MARIETTE Philippe REG,EDMOND-MARIETTE,Philippe,REG,972,other
288,1,JENFT Pascal RN,JENFT,Pascal,RN,57,far_right
289,1,MAÎTRE Christophe RN,MAÎTRE,Christophe,RN,1,far_right
290,1,LAISNEY Maxime UG,LAISNEY,Maxime,UG,77,left
291,1,GIRARD Christian RN,GIRARD,Christian,RN,4,far_right
292,1,POUEYTO Josy ENS,POUEYTO,Josy,ENS,64,center
293,1,LANDERER Dorette RN,LANDERER,Dorette,RN,6,far_right
294,1,LANZI Nathalie UG,LANZI,Nathalie,UG,79,left
295,1,TERLIER Jean ENS,TERLIER,Jean,ENS,81,center
296,1,MAGNIER Lise ENS,MAGNIER,Lise,ENS,51,center
297,1,GENEVARD Annie LR,GENEVARD,Annie,LR,25,right
298,1,FELD Mathilde UG,FELD,Mathilde,UG,33,left
299,1,BOUCHET Gauthier RN,BOUCHET,Gauthier,RN,44,far_right
300,1,BALANANT Erwan ENS,BALANANT,Erwan,ENS,29,center
301,1,LE BOULANGER Jean-Yves RN,LE BOULANGER,Jean-Yves,RN,22,far_right
302,1,LE FUR Corentin LR,LE FUR,Corentin,LR,22,right
303,1,LE FUR Patrick RN,LE FUR,Patrick,RN,29,far_right
304,1,DANIEL Pauline RN,DANIEL,Pauline,RN,76,far_right
305,1,LE MEUR Annaïg ENS,LE MEUR,Annaïg,ENS,29,center
306,1,MARTIN Joseph RN,MARTIN,Joseph,RN,56,far_right
307,1,BUFFETAUT Stéphane RN,BUFFETAUT,Stéphane,RN,85,far_right
308,1,LEBEC Marie ENS,LEBEC,Marie,ENS,78,center
309,1,LEBRAUD Virginie UG,LEBRAUD,Virginie,UG,16,left
310,1,LECAMP Pascal ENS,LECAMP,Pascal,ENS,86,center
311,1,LÉCORCHÉ Pascaline UG,LÉCORCHÉ,Pascaline,UG,13,left
312,1,KEKE Rachel UG,KEKE,Rachel,UG,94,left
313,1,ALFANDARI Henri ENS,ALFANDARI,Henri,ENS,37,center
314,1,LEMOINE Dylan RN,LEMOINE,Dylan,RN,35,far_right
315,1,LENORMAND Stéphane DVD,LENORMAND,Stéphane,DVD,975,right
316,1,CONQUER Nicolas UXD,CONQUER,Nicolas,UXD,50,far_right
317,1,BENYETTOU Yassine UG,BENYETTOU,Yassine,UG,78,left
318,1,LESCURE Roland ENS,LESCURE,Roland,ENS,ZZ,center
319,1,LESEUL Gérard UG,LESEUL,Gérard,UG,76,left
320,1,BOUROUAHA Soumya UG,BOUROUAHA,Soumya,UG,93,left
321,1,LEYS Ethan RN,LEYS,Ethan,RN,59,far_right
322,1,LINGEMANN Delphine ENS,LINGEMANN,Delphine,ENS,63,center
323,1,COQUELET Christophe ENS,COQUELET,Christophe,ENS,1,center
324,1,MILOSEVIC Stefan RN,MILOSEVIC,Stefan,RN,91,far_right
325,1,STAMBACH-TERRENOIR Anne UG,STAMBACH-TERRENOIR,Anne,UG,31,left
326,1,THIEBAUT Vincent ENS,THIEBAUT,Vincent,ENS,67,center
327,1,LUDE Noël RN,LUDE,Noël,RN,22,far_right
328,1,LUISIER Clémence RN,LUISIER,Clémence,RN,69,far_right
329,1,MAILLOT Geneviève RN,MAILLOT,Geneviève,RN,54,far_right
330,1,LIQUORI Franck RN,LIQUORI,Franck,RN,13,far_right
331,1,RAMBAUD Stéphane RN,RAMBAUD,Stéphane,RN,83,far_right
332,1,MOLAC Paul REG,MOLAC,Paul,REG,56,other
333,1,FIÉVET Jean-Marie ENS,FIÉVET,Jean-Marie,ENS,79,center
334,1,MANDON Emmanuel ENS,MANDON,Emmanuel,ENS,42,center
335,1,AUZANOT Bénédicte RN,AUZANOT,Bénédicte,RN,84,far_right
336,1,LOURY Florence UG,LOURY,Florence,UG,89,left
337,1,VICHNIEVSKY Laurence ENS,VICHNIEVSKY,Laurence,ENS,63,center
338,1,MATTEÏ Jean-Paul ENS,MATTEÏ,Jean-Paul,ENS,64,center
339,1,MAQUET Emmanuel LR,MAQUET,Emmanuel,LR,80,right
340,1,LECLERCQ Carole RN,LECLERCQ,Carole,RN,59,far_right
341,1,MARION Christophe ENS,MARION,Christophe,ENS,41,center
342,1,MARTIN Barthélemy UXD,MARTIN,Barthélemy,UXD,16,far_right
343,1,MARTIN Pascale UG,MARTIN,Pascale,UG,24,left
344,1,BORD Arnaud UG,BORD,Arnaud,UG,30,left
345,1,LEGAVRE Jérôme UG,LEGAVRE,Jérôme,UG,93,left
346,1,MARTINS PEREIRA Joao UG,MARTINS PEREIRA,Joao,UG,94,left
347,1,GOSSELIN Philippe DVD,GOSSELIN,Philippe,DVD,50,right
348,1,DUBIN Pascal UXD,DUBIN,Pascal,UXD,85,far_right
349,1,LOOS Etienne ENS,LOOS,Etienne,ENS,67,center
350,1,FERRACCI Marc ENS,FERRACCI,Marc,ENS,ZZ,center
351,1,MERCIER Estelle UG,MERCIER,Estelle,UG,54,left
352,1,MESMEUR Marie UG,MESMEUR,Marie,UG,35,left
353,1,MESNIER Thomas HOR,MESNIER,Thomas,HOR,16,center
354,1,MÉTAYER Lysiane ENS,MÉTAYER,Lysiane,ENS,56,center
355,1,METTE Sophie ENS,METTE,Sophie,ENS,33,center
356,1,FÉGNÉ Denis UG,FÉGNÉ,Denis,UG,65,left
357,1,JONCOUR Tiffany RN,JONCOUR,Tiffany,RN,69,far_right
358,1,LACOUTURE Karine UG,LACOUTURE,Karine,UG,95,left
359,1,OUGOURLOU-OGLOU Bernard UG,OUGOURLOU-OGLOU,Bernard,UG,13,left
360,1,POLLET Lisette RN,POLLET,Lisette,RN,26,far_right
361,1,REID ABERLOT Mereana UG,REID ABERLOT,Mereana,UG,987,left
362,1,DA SILVA Maxime UG,DA SILVA,Maxime,UG,ZZ,left
363,1,MINVIELLE Charlotte UG,MINVIELLE,Charlotte,UG,ZZ,left
364,1,LAKRAFI Amélia ENS,LAKRAFI,Amélia,ENS,ZZ,center
365,1,MONGELOUS Aymeric RN,MONGELOUS,Aymeric,RN,17,far_right
366,1,MOREL Louise ENS,MOREL,Louise,ENS,67,center
367,1,KAMARDINE Mansour LR,KAMARDINE,Mansour,LR,976,right
368,1,DAVID Alain UG,DAVID,Alain,UG,33,left
369,1,CASTELLANI Michel REG,CASTELLANI,Michel,REG,2B,other
370,1,MORIN Laurent RN,MORIN,Laurent,RN,78,far_right
371,1,JOLLY Alexis RN,JOLLY,Alexis,RN,38,far_right
372,1,PHILIPPET Alain RN,PHILIPPET,Alain,RN,94,far_right
373,1,SAUGER Mélinda UG,SAUGER,Mélinda,UG,78,left
374,1,NAILLET Philippe UG,NAILLET,Philippe,UG,974,left
375,1,LE COZ Isabelle RN,LE COZ,Isabelle,RN,76,far_right
376,1,NAVEYS--DUMAS Clémence RN,NAVEYS--DUMAS,Clémence,RN,33,far_right
377,1,GRANGER Sandrine RN,GRANGER,Sandrine,RN,42,far_right
378,1,WOERTH Eric ENS,WOERTH,Eric,ENS,60,center
379,1,TERMET Flavien RN,TERMET,Flavien,RN,8,far_right
380,1,OLIVA Josyan UXD,OLIVA,Josyan,UXD,34,far_right
381,1,CATTEAU Victor RN,CATTEAU,Victor,RN,59,far_right
382,1,FRIGOUT Anne-Sophie RN,FRIGOUT,Anne-Sophie,RN,51,far_right
383,1,BESSON Thierry RN,BESSON,Thierry,RN,51,far_right
384,1,PANOSYAN-BOUVET Astrid ENS,PANOSYAN-BOUVET,Astrid,ENS,75,center
385,1,BRARD Jean-Michel DVD,BRARD,Jean-Michel,DVD,44,right
386,1,PARIS Didier ENS,PARIS,Didier,ENS,21,center
387,1,PAROLIN Marie-Christine RN,PAROLIN,Marie-Christine,RN,12,far_right
388,1,CABROLIER Frédéric RN,CABROLIER,Frédéric,RN,81,far_right
389,1,PECHER Louis-Joseph EXD,PECHER,Louis-Joseph,EXD,54,far_right
390,1,BLIN Anne-Laure LR,BLIN,Anne-Laure,LR,49,right
391,1,PENNELLE Guillaume RN,PENNELLE,Guillaume,RN,76,far_right
392,1,GARDES Jean-Baptiste UXD,GARDES,Jean-Baptiste,UXD,59,far_right
393,1,JOURDAN Chantal UG,JOURDAN,Chantal,UG,61,left
394,1,PARMENTIER-LECOCQ Charlotte ENS,PARMENTIER-LECOCQ,Charlotte,ENS,59,center
395,1,BARTHÈS Christophe RN,BARTHÈS,Christophe,RN,11,far_right
396,1,FRANÇOIS Pierre RN,FRANÇOIS,Pierre,RN,88,far_right
397,1,PETIT Frédéric ENS,PETIT,Frédéric,ENS,ZZ,center
398,1,MANCK Carine RN,MANCK,Carine,RN,90,far_right
399,1,DEGOIS Typhanie UXD,DEGOIS,Typhanie,UXD,73,far_right
400,1,PHILIPPO Baptiste RN,PHILIPPO,Baptiste,RN,57,far_right
401,1,POCHON Marie UG,POCHON,Marie,UG,26,left
402,1,MATHIASIN Max DVG,MATHIASIN,Max,DVG,971,left
403,1,SIMONET Valérie DVD,SIMONET,Valérie,DVD,23,right
404,1,PIRON Béatrice ENS,PIRON,Béatrice,ENS,78,center
405,1,PITTI Raphaël UG,PITTI,Raphaël,UG,92,left
406,1,PORTARRIEU Jean-François ENS,PORTARRIEU,Jean-François,ENS,31,center
407,1,CADENAS Jean-Michel RN,CADENAS,Jean-Michel,RN,53,far_right
408,1,GOLLIOT Antoine RN,GOLLIOT,Antoine,RN,62,far_right
409,1,POTIER Douglas RN,POTIER,Douglas,RN,76,far_right
410,1,MARTINEZ Michèle RN,MARTINEZ,Michèle,RN,66,far_right
411,1,GRUET Justine LR,GRUET,Justine,LR,39,right
412,1,PASQUINI Francesca UG,PASQUINI,Francesca,UG,92,left
413,1,QUESTEL Alexandra DVD,QUESTEL,Alexandra,DVD,ZX,right
414,1,MARCANGELI Laurent ENS,MARCANGELI,Laurent,ENS,2A,center
415,1,RABAULT Tiffanie RN,RABAULT,Tiffanie,RN,45,far_right
416,1,RATENON Jean-Hugues DVG,RATENON,Jean-Hugues,DVG,974,left
417,1,MAILLOT Frédéric DVG,MAILLOT,Frédéric,DVG,974,left
418,1,RAMOS Richard ENS,RAMOS,Richard,ENS,45,center
419,1,RAY Nicolas LR,RAY,Nicolas,LR,3,right
420,1,REBEYROTTE Rémy ENS,REBEYROTTE,Rémy,ENS,71,center
421,1,NADEAU Marcellin REG,NADEAU,Marcellin,REG,972,other
422,1,GILOIS Françoise RN,GILOIS,Françoise,RN,35,far_right
423,1,SORRE Bertrand ENS,SORRE,Bertrand,ENS,50,center
424,1,VAGINAY Sophie UXD,VAGINAY,Sophie,UXD,4,far_right
425,1,ECHANIZ Iñaki UG,ECHANIZ,Iñaki,UG,64,left
426,1,RICHOL Joëlle UG,RICHOL,Joëlle,UG,38,left
427,1,RIXAIN Marie-Pierre ENS,RIXAIN,Marie-Pierre,ENS,91,center
428,1,RIMBERT Catherine RN,RIMBERT,Catherine,RN,84,far_right
429,1,VICTORY Michèle UG,VICTORY,Michèle,UG,7,left
430,1,RIVIERE Joseph RN,RIVIERE,Joseph,RN,974,far_right
431,1,LUHO Magalie RN,LUHO,Magalie,RN,74,far_right
432,1,RODWELL Charles ENS,RODWELL,Charles,ENS,78,center
433,1,MARLEIX Olivier LR,MARLEIX,Olivier,LR,28,right
434,1,ROLLAND Vincent LR,ROLLAND,Vincent,LR,73,right
435,1,MARION Agnès RN,MARION,Agnès,RN,95,far_right
436,1,ROSEREN Xavier ENS,ROSEREN,Xavier,ENS,74,center
437,1,GRELIER Jean-Carles ENS,GRELIER,Jean-Carles,ENS,72,center
438,1,ROUSSEL Fabrice UG,ROUSSEL,Fabrice,UG,44,left
439,1,ROY Sophie-Laurence UXD,ROY,Sophie-Laurence,UXD,89,far_right
440,1,RUNEL Sandrine UG,RUNEL,Sandrine,UG,69,left
441,1,SABATOU Alexandre RN,SABATOU,Alexandre,RN,60,far_right
442,1,DJOUADI Samira ENS,DJOUADI,Samira,ENS,ZZ,center
443,1,LOUWAGIE Véronique DVD,LOUWAGIE,Véronique,DVD,61,right
444,1,FRANCESCHINI Sylvie RN,FRANCESCHINI,Sylvie,RN,40,far_right
445,1,SAINTE-MARIE Jérôme RN,SAINTE-MARIE,Jérôme,RN,5,far_right
446,1,SALERNO Olivier UG,SALERNO,Olivier,UG,6,left
447,1,METAYER Léo UG,METAYER,Léo,UG,49,left
448,1,SANQUER Nicole DVD,SANQUER,Nicole,DVD,987,right
449,1,BENTOUNSI Amal UG,BENTOUNSI,Amal,UG,77,left
450,1,ARY Ariane ENS,ARY,Ariane,ENS,33,center
451,1,LISO Brigitte ENS,LISO,Brigitte,ENS,59,center
452,1,FORISSIER Nicolas LR,FORISSIER,Nicolas,LR,36,right
453,1,MASSIAUX Christophe UG,MASSIAUX,Christophe,UG,78,left
454,1,BAZIN-MALGRAS Valérie LR,BAZIN-MALGRAS,Valérie,LR,10,right
455,1,OTT Hubert ENS,OTT,Hubert,ENS,68,center
456,1,KOUKAS Nicolas UG,KOUKAS,Nicolas,UG,13,left
457,1,MICHELET Maxime UXD,MICHELET,Maxime,UXD,51,far_right
458,1,DELCHARD Loïc RN,DELCHARD,Loïc,RN,31,far_right
459,1,LELAIDIER Kimberley RN,LELAIDIER,Kimberley,RN,95,far_right
460,1,SORIN Marie-Christine RN,SORIN,Marie-Christine,RN,65,far_right
461,1,SOULÉ Sébastien RN,SOULÉ,Sébastien,RN,83,far_right
462,1,FALGAS-COLOMINA Caroline RN,FALGAS-COLOMINA,Caroline,RN,31,far_right
463,1,LOUIS Patrick UXD,LOUIS,Patrick,UXD,69,far_right
464,1,PINTO Pierre RN,PINTO,Pierre,RN,68,far_right
465,1,ESKENAZI Romain UG,ESKENAZI,Romain,UG,95,left
466,1,BAPTISTE Christian DVG,BAPTISTE,Christian,DVG,971,left
467,1,GONZALEZ José RN,GONZALEZ,José,RN,13,far_right
468,1,TANGUY Liliana ENS,TANGUY,Liliana,ENS,29,center
469,1,TESSON Thierry RN,TESSON,Thierry,RN,59,far_right
470,1,ROIT-LEVÊQUE Guillaume RN,ROIT-LEVÊQUE,Guillaume,RN,74,far_right
471,1,LOIR Christine RN,LOIR,Christine,RN,27,far_right
472,1,MAZARS Stéphane ENS,MAZARS,Stéphane,ENS,12,center
473,1,BARROT Jean-Noël ENS,BARROT,Jean-Noël,ENS,78,center
474,1,DRUILLOLE Christelle UG,DRUILLOLE,Christelle,UG,24,left
475,1,TIEGNA Huguette ENS,TIEGNA,Huguette,ENS,46,center
476,1,TONNERRE Leïla UG,TONNERRE,Leïla,UG,6,left
477,1,TONUSSI Romain RN,TONUSSI,Romain,RN,13,far_right
478,1,TERRENES Loïc ENS,TERRENES,Loïc,ENS,69,center
479,1,GAILLARD Brice UG,GAILLARD,Brice,UG,92,left
480,1,LARROUTUROU Pierre UG,LARROUTUROU,Pierre,UG,91,left
481,1,GRANGIER Géraldine RN,GRANGIER,Géraldine,RN,25,far_right
482,1,TAITE Jean-Pierre LR,TAITE,Jean-Pierre,LR,42,right
483,1,TJIBAOU Emmanuel REG,TJIBAOU,Emmanuel,REG,988,other
484,1,JOLIVET Sébastien RN,JOLIVET,Sébastien,RN,93,far_right
485,1,VALENTIN Antoine UXD,VALENTIN,Antoine,UXD,74,far_right
486,1,PATRIER-LEITUS Jérémie ENS,PATRIER-LEITUS,Jérémie,ENS,14,center
487,1,VALLON Jean-Paul RN,VALLON,Jean-Paul,RN,26,far_right
488,1,MAGNIER David RN,MAGNIER,David,RN,60,far_right
489,1,VERBRUGGHE Bastien RN,VERBRUGGHE,Bastien,RN,59,far_right
490,1,VERNY Gérault UXD,VERNY,Gérault,UXD,13,far_right
491,1,GIRY Pierre UXD,GIRY,Pierre,UXD,50,far_right
492,1,VIGIER Jean-Pierre LR,VIGIER,Jean-Pierre,LR,43,right
493,1,VIGIER Philippe ENS,VIGIER,Philippe,ENS,28,center
494,1,PAJOT Franck UG,PAJOT,Franck,UG,ZZ,left
495,1,VIOLLAND Anne-Cécile ENS,VIOLLAND,Anne-Cécile,ENS,74,center
496,1,VOINCON Marie-Claude RN,VOINCON,Marie-Claude,RN,57,far_right
497,1,VOYNET Dominique UG,VOYNET,Dominique,UG,25,left
498,1,ZIMMERMANN Christian RN,ZIMMERMANN,Christian,RN,68,far_right
499,1,BOUVARD Anis RN,BOUVARD,Anis,RN,74,far_right
500,1,DAMIEN Olivier RN,DAMIEN,Olivier,RN,71,far_right
501,1,PENA Marc UG,PENA,Marc,UG,13,left
1,2,MANSOURI Hanane UXD,MANSOURI,Hanane,UXD,38,far_right
2,2,JOSSERAND Sylvie RN,JOSSERAND,Sylvie,RN,30,far_right
3,2,THÈS Anne-Marie RN,THÈS,Anne-Marie,RN,3,far_right
4,2,SIGNOR Loïc ENS,SIGNOR,Loïc,ENS,94,center
5,2,CORONADO Sergio UG,CORONADO,Sergio,UG,ZZ,left
6,2,VIGNON Corinne ENS,VIGNON,Corinne,ENS,31,center
7,2,MEXIS Adrien UXD,MEXIS,Adrien,UXD,51,far_right
8,2,MARAIS-BEUIL Claire RN,MARAIS-BEUIL,Claire,RN,60,far_right
9,2,ROGER Isabelle RN,ROGER,Isabelle,RN,8,far_right
10,2,NEUDER Yannick LR,NEUDER,Yannick,LR,38,right
11,2,BATTISTEL Marie-Noëlle UG,BATTISTEL,Marie-Noëlle,UG,38,left
12,2,FRESSE Pauline RN,FRESSE,Pauline,RN,88,far_right
13,2,MARCHAUDON Dominique-Louise RN,MARCHAUDON,Dominique-Louise,RN,24,far_right
14,2,LE PEN Marie-Caroline RN,LE PEN,Marie-Caroline,RN,72,far_right
15,2,FIAT Caroline UG,FIAT,Caroline,UG,54,left
16,2,BRIOLAIS Cédric UG,BRIOLAIS,Cédric,UG,78,left
17,2,RABAULT Valérie UG,RABAULT,Valérie,UG,82,left
18,2,CECCOLI François-Xavier DVD,CECCOLI,François-Xavier,DVD,2B,right
19,2,BRET Jean-Paul DVG,BRET,Jean-Paul,DVG,69,left
20,2,CARLETTO Brigitte RN,CARLETTO,Brigitte,RN,63,far_right
21,2,GARAULT Mélody RN,GARAULT,Mélody,RN,79,far_right
22,2,KOCHERT Stéphanie ENS,KOCHERT,Stéphanie,ENS,67,center
23,2,HUWART Harold DVC,HUWART,Harold,DVC,28,center
24,2,BITOUM Sasha RN,BITOUM,Sasha,RN,69,far_right
25,2,DUCHÉ Frédéric ENS,DUCHÉ,Frédéric,ENS,27,center
26,2,VOS Frédéric Pierre RN,VOS,Frédéric Pierre,RN,60,far_right
27,2,LEBON Karine UG,LEBON,Karine,UG,974,left
28,2,SANSU Nicolas UG,SANSU,Nicolas,UG,18,left
29,2,FAVENNEC Yannick HOR,FAVENNEC,Yannick,HOR,53,center
30,2,MICHOUX Eric UXD,MICHOUX,Eric,UXD,71,far_right
31,2,RUDIGOZ Thomas ENS,RUDIGOZ,Thomas,ENS,69,center
32,2,DREVET Rachel RN,DREVET,Rachel,RN,71,far_right
33,2,NOSBÉ Sandrine UG,NOSBÉ,Sandrine,UG,38,left
34,2,DUPRÉ Christel RN,DUPRÉ,Christel,RN,38,far_right
35,2,PAHUN Jimmy ENS,PAHUN,Jimmy,ENS,56,center
36,2,HUGUENIN-RICHARD Isabelle RN,HUGUENIN-RICHARD,Isabelle,RN,94,far_right
37,2,CORDIER Pierre DVD,CORDIER,Pierre,DVD,8,right
38,2,PREVOST Hugo UG,PREVOST,Hugo,UG,38,left
39,2,AMRANI Farida UG,AMRANI,Farida,UG,91,left
40,2,INARD Gaëtan UXD,INARD,Gaëtan,UXD,31,far_right
41,2,LIBAN Josseline RN,LIBAN,Josseline,RN,14,far_right
42,2,ANTHOINE Emmanuelle LR,ANTHOINE,Emmanuelle,LR,26,right
43,2,GUÉRARD Philippe RN,GUÉRARD,Philippe,RN,59,far_right
44,2,ADJROUD Lounes UG,ADJROUD,Lounes,UG,92,left
45,2,BATAILLE Jean-Pierre DVD,BATAILLE,Jean-Pierre,DVD,59,right
46,2,BUFFET Françoise ENS,BUFFET,Françoise,ENS,67,center
47,2,CAUSSE Lionel ENS,CAUSSE,Lionel,ENS,40,center
48,2,DALLOZ Marie-Christine LR,DALLOZ,Marie-Christine,LR,39,right
49,2,THILLAYE Sabine ENS,THILLAYE,Sabine,ENS,37,center
50,2,DASPE Francis UG,DASPE,Francis,UG,66,left
51,2,BITEAU Benoît UG,BITEAU,Benoît,UG,17,left
52,2,PACQUOT Nicolas ENS,PACQUOT,Nicolas,ENS,25,center
53,2,PAUPER Patrice RN,PAUPER,Patrice,RN,27,far_right
54,2,VULPIANI Sylvaine UG,VULPIANI,Sylvaine,UG,29,left
55,2,ALLONCLE Charles UXD,ALLONCLE,Charles,UXD,34,far_right
56,2,GHOMI Hadrien ENS,GHOMI,Hadrien,ENS,77,center
57,2,RAMBAUD Gerbert RN,RAMBAUD,Gerbert,RN,42,far_right
58,2,JACQUEMIN Hager RN,JACQUEMIN,Hager,RN,86,far_right
59,2,DELAPIERRE Cédric RN,DELAPIERRE,Cédric,RN,34,far_right
60,2,GOUFFIER VALENTE Guillaume ENS,GOUFFIER VALENTE,Guillaume,ENS,94,center
61,2,FEVRE Pierre-Antoine UXD,FEVRE,Pierre-Antoine,UXD,12,far_right
62,2,HOBET Elodie ENS,HOBET,Elodie,ENS,31,center
63,2,BOLO Philippe ENS,BOLO,Philippe,ENS,49,center
64,2,MERMET Cédric RN,MERMET,Cédric,RN,69,far_right
65,2,ROME Sébastien UG,ROME,Sébastien,UG,34,left
66,2,PROUX Jacques RN,PROUX,Jacques,RN,85,far_right
67,2,MASSEGLIA Denis ENS,MASSEGLIA,Denis,ENS,49,center
68,2,GILLET Yoann RN,GILLET,Yoann,RN,30,far_right
69,2,ETIENNE Martine UG,ETIENNE,Martine,UG,54,left
70,2,LEFEBVRE Romain LR,LEFEBVRE,Romain,LR,3,right
71,2,NICOLAS-CHAVANCE Salomé UG,NICOLAS-CHAVANCE,Salomé,UG,92,left
72,2,DE CRECY Isabelle ENS,DE CRECY,Isabelle,ENS,92,center
73,2,CADALEN Pierre-Yves UG,CADALEN,Pierre-Yves,UG,29,left
74,2,LE JAOUEN Eric UDI,LE JAOUEN,Eric,UDI,42,right
75,2,THIVENT Viviane UG,THIVENT,Viviane,UG,11,left
76,2,MELCHIOR Graziella ENS,MELCHIOR,Graziella,ENS,29,center
77,2,DUMONT Sophie RN,DUMONT,Sophie,RN,21,far_right
78,2,HABIB David DVG,HABIB,David,DVG,64,left
79,2,LASTÉCOUÈRES Victor UXD,LASTÉCOUÈRES,Victor,UXD,64,far_right
80,2,FUGIT Jean-Luc ENS,FUGIT,Jean-Luc,ENS,69,center
81,2,VICOT Roger UG,VICOT,Roger,UG,59,left
82,2,THIERIOT Jean-Louis LR,THIERIOT,Jean-Louis,LR,77,right
83,2,BORNE Elisabeth ENS,BORNE,Elisabeth,ENS,14,center
84,2,LINON Jennifer DVC,LINON,Jennifer,DVC,971,center
85,2,GATEL Maud ENS,GATEL,Maud,ENS,75,center
86,2,LAFFITE Agnès RN,LAFFITE,Agnès,RN,77,far_right
87,2,CHONG SIT Boris DVD,CHONG SIT,Boris,DVD,973,right
88,2,HUNAULT Alain DVD,HUNAULT,Alain,DVD,44,right
90,2,BERRIOS Sylvain DVD,BERRIOS,Sylvain,DVD,94,right
91,2,PALUTEAU Bruno RN,PALUTEAU,Bruno,RN,33,far_right
92,2,YELMA Jean-Luc RN,YELMA,Jean-Luc,RN,32,far_right
93,2,TAUPIAC David DVG,TAUPIAC,David,DVG,32,left
94,2,HOUDAN Grégoire RN,HOUDAN,Grégoire,RN,76,far_right
95,2,OZENNE Julie UG,OZENNE,Julie,UG,91,left
96,2,YADAN Caroline ENS,YADAN,Caroline,ENS,ZZ,center
97,2,DE JENLIS Hubert ENS,DE JENLIS,Hubert,ENS,80,center
98,2,ROBERT Edouard RN,ROBERT,Edouard,RN,38,far_right
99,2,CHAVENT Marc UXD,CHAVENT,Marc,UXD,1,far_right
100,2,RAPILLY-FERNIOT Pauline UG,RAPILLY-FERNIOT,Pauline,UG,92,left
101,2,DUBRE CHIRAT Nicole ENS,DUBRE CHIRAT,Nicole,ENS,49,center
102,2,GALVEZ Monia UG,GALVEZ,Monia,UG,84,left
103,2,BONY Jean Yves DVD,BONY,Jean Yves,DVD,15,right
104,2,LUCAS Benjamin UG,LUCAS,Benjamin,UG,78,left
105,2,SOUMAILLE Valérie UG,SOUMAILLE,Valérie,UG,86,left
106,2,VANACKER Morgann RN,VANACKER,Morgann,RN,77,far_right
107,2,COLIN-OESTERLÉ Nathalie UDI,COLIN-OESTERLÉ,Nathalie,UDI,57,right
108,2,HAMELET Marine RN,HAMELET,Marine,RN,82,far_right
109,2,HOLLANDE François UG,HOLLANDE,François,UG,19,left
110,2,PARMENTIER Caroline RN,PARMENTIER,Caroline,RN,62,far_right
111,2,BABIN Elodie RN,BABIN,Elodie,RN,45,far_right
112,2,BELLANGER Jean-François RN,BELLANGER,Jean-François,RN,37,far_right
113,2,FALORNI Olivier DVG,FALORNI,Olivier,DVG,17,left
114,2,DONVAL Martine RN,DONVAL,Martine,RN,29,far_right
115,2,BELHAMITI Mounir ENS,BELHAMITI,Mounir,ENS,44,center
116,2,FILONI François RN,FILONI,François,RN,2A,far_right
117,2,LÉTARD Valérie UDI,LÉTARD,Valérie,UDI,59,right
118,2,HUNAULT Michel UXD,HUNAULT,Michel,UXD,44,far_right
119,2,REDA Robin ENS,REDA,Robin,ENS,91,center
120,2,IANNUZZI Ugo RN,IANNUZZI,Ugo,RN,18,far_right
121,2,GORGIARD Marion UG,GORGIARD,Marion,UG,22,left
122,2,VIANCIN Maxime UG,VIANCIN,Maxime,UG,44,left
123,2,LAPORTE Hélène RN,LAPORTE,Hélène,RN,47,far_right
124,2,ARNAULT Raphaël UG,ARNAULT,Raphaël,UG,84,left
125,2,LEPERS Guillaume DVD,LEPERS,Guillaume,DVD,47,right
126,2,GNAEDIG Laurent RN,GNAEDIG,Laurent,RN,68,far_right
127,2,GASSILLOUD Thomas ENS,GASSILLOUD,Thomas,ENS,69,center
128,2,MALAISÉ Celine UG,MALAISÉ,Celine,UG,75,left
129,2,LAUZZANA Michel ENS,LAUZZANA,Michel,ENS,47,center
130,2,FAILLÉ Charlotte ENS,FAILLÉ,Charlotte,ENS,35,center
131,2,BARUSSEAU Fabrice UG,BARUSSEAU,Fabrice,UG,17,left
132,2,TROISE Lauriane RN,TROISE,Lauriane,RN,34,far_right
133,2,ESTEVE Thomas RN,ESTEVE,Thomas,RN,67,far_right
134,2,TAMARELLE VERHAEGHE Marie ENS,TAMARELLE VERHAEGHE,Marie,ENS,27,center
135,2,SAINT-PÉ Séverine HOR,SAINT-PÉ,Séverine,HOR,86,center
136,2,BARDET Marine RN,BARDET,Marine,RN,41,far_right
137,2,ANGLADE Pieyre-Alexandre ENS,ANGLADE,Pieyre-Alexandre,ENS,ZZ,center
138,2,GOT Pascale UG,GOT,Pascale,UG,33,left
139,2,SICARD Anne RN,SICARD,Anne,RN,95,far_right
140,2,PANIFOUS Laurent UG,PANIFOUS,Laurent,UG,9,left
141,2,PARIS Mathilde RN,PARIS,Mathilde,RN,45,far_right
142,2,BOUGEARD Elsa UG,BOUGEARD,Elsa,UG,46,left
143,2,VANHAECKE Bérénice RN,VANHAECKE,Bérénice,RN,35,far_right
144,2,MINGUET Sabrina RN,MINGUET,Sabrina,RN,87,far_right
145,2,NIAKATÉ Aminata UG,NIAKATÉ,Aminata,UG,75,left
146,2,DE COSSÉ BRISSAC Céline RN,DE COSSÉ BRISSAC,Céline,RN,72,far_right
147,2,MULLER Serge RN,MULLER,Serge,RN,24,far_right
148,2,ABBA Bérangère ENS,ABBA,Bérangère,ENS,52,center
149,2,BERVILLE Hervé ENS,BERVILLE,Hervé,ENS,22,center
150,2,GALLAIS Dorothée RN,GALLAIS,Dorothée,RN,15,far_right
151,2,BLANCHET Christophe ENS,BLANCHET,Christophe,ENS,14,center
152,2,SPILLEBOUT Violette ENS,SPILLEBOUT,Violette,ENS,59,center
153,2,CRETIN-GIELLY Denis RN,CRETIN-GIELLY,Denis,RN,93,far_right
154,2,LERUS Chantal DVG,LERUS,Chantal,DVG,971,left
155,2,LE GRIP Constance ENS,LE GRIP,Constance,ENS,92,center
156,2,RIVIERE Jonathan RN,RIVIERE,Jonathan,RN,974,far_right
157,2,WILHELM Marion RN,WILHELM,Marion,RN,68,far_right
158,2,HAJJAR Johnny DVG,HAJJAR,Johnny,DVG,972,left
159,2,TORRE Philippe RN,TORRE,Philippe,RN,2,far_right
160,2,ARC Laurie RN,ARC,Laurie,RN,44,far_right
161,2,FAIT Philippe ENS,FAIT,Philippe,ENS,62,center
162,2,OLIVIERO Antoine RN,OLIVIERO,Antoine,RN,56,far_right
163,2,SAULIGNAC Hervé UG,SAULIGNAC,Hervé,UG,7,left
164,2,MAZAURY Laurent UDI,MAZAURY,Laurent,UDI,78,right
165,2,WAUQUIEZ Laurent LR,WAUQUIEZ,Laurent,LR,43,right
166,2,PIQUET Louis UXD,PIQUET,Louis,UXD,75,far_right
167,2,GALLOIS Charles-Henri RN,GALLOIS,Charles-Henri,RN,58,far_right
168,2,DUPONT-AIGNAN Nicolas DSV,DUPONT-AIGNAN,Nicolas,DSV,91,far_right
169,2,PLATRET Gilles DVD,PLATRET,Gilles,DVD,71,right
170,2,BATUT Xavier HOR,BATUT,Xavier,HOR,76,center
171,2,RUFFIN François UG,RUFFIN,François,UG,80,left
172,2,DE FLEURIAN Marc RN,DE FLEURIAN,Marc,RN,62,far_right
173,2,NAISSELINE Omayra Lisa Meun REG,NAISSELINE,Omayra Lisa Meun,REG,988,other
174,2,JURAMY Véronique ENS,JURAMY,Véronique,ENS,33,center
175,2,PIRÈS BEAUNE Christine UG,PIRÈS BEAUNE,Christine,UG,63,left
176,2,RIESTER Franck ENS,RIESTER,Franck,ENS,77,center
177,2,VALENCE David ENS,VALENCE,David,ENS,88,center
178,2,ALI-BENALI Sabrina UG,ALI-BENALI,Sabrina,UG,93,left
179,2,MEUNIER Frédérique LR,MEUNIER,Frédérique,LR,19,right
180,2,BACOU Julien RN,BACOU,Julien,RN,81,far_right
181,2,ROSSO Serge RN,ROSSO,Serge,RN,64,far_right
182,2,SALA Michel UG,SALA,Michel,UG,30,left
183,2,PAULIN Simon-Pierre UXD,PAULIN,Simon-Pierre,UXD,85,far_right
184,2,PETIT Bertrand UG,PETIT,Bertrand,UG,62,left
185,2,NEGRIER Isabelle ENS,NEGRIER,Isabelle,ENS,87,center
186,2,BRUN Fabrice DVD,BRUN,Fabrice,DVD,7,right
187,2,PANONACLE Sophie ENS,PANONACLE,Sophie,ENS,33,center
188,2,VALLETOUX Frédéric ENS,VALLETOUX,Frédéric,ENS,77,center
189,2,DIOUARA Aly UG,DIOUARA,Aly,UG,93,left
190,2,PAUGET Eric LR,PAUGET,Eric,LR,6,right
191,2,KARAMANLI Marietta UG,KARAMANLI,Marietta,UG,72,left
192,2,ARRIGHI Christine UG,ARRIGHI,Christine,UG,31,left
193,2,THOMAS Anaïs RN,THOMAS,Anaïs,RN,76,far_right
194,2,MACÉ Lisbeth RN,MACÉ,Lisbeth,RN,95,far_right
195,2,POULLIAT Eric ENS,POULLIAT,Eric,ENS,33,center
196,2,CATHALA Gabrielle UG,CATHALA,Gabrielle,UG,95,left
197,2,VINCENDET Alexandre ENS,VINCENDET,Alexandre,ENS,69,center
198,2,DHARRÉVILLE Pierre UG,DHARRÉVILLE,Pierre,UG,13,left
199,2,CHUDEAU Roger RN,CHUDEAU,Roger,RN,41,far_right
200,2,OROMI Sabine UG,OROMI,Sabine,UG,30,left
201,2,BRUNEAU Joël DVD,BRUNEAU,Joël,DVD,14,right
202,2,TOULZA Gilles DVC,TOULZA,Gilles,DVC,87,center
203,2,VÉZIÈS Séverine UG,VÉZIÈS,Séverine,UG,25,left
204,2,RITZ Christelle RN,RITZ,Christelle,RN,68,far_right
205,2,TABAROT Michèle LR,TABAROT,Michèle,LR,6,right
206,2,RANCOULE Julien RN,RANCOULE,Julien,RN,11,far_right
207,2,ROY-LARENTRY Grégory Michel RN,ROY-LARENTRY,Grégory Michel,RN,972,far_right
208,2,MAXIMI Marianne UG,MAXIMI,Marianne,UG,63,left
209,2,LANCELOT Vanessa RN,LANCELOT,Vanessa,RN,76,far_right
210,2,VEYRE DE SORAS Paule RN,VEYRE DE SORAS,Paule,RN,53,far_right
211,2,LIMONGI Julien RN,LIMONGI,Julien,RN,77,far_right
212,2,HUMBERT Sébastien RN,HUMBERT,Sébastien,RN,88,far_right
213,2,NURY Jérôme DVD,NURY,Jérôme,DVD,61,right
214,2,PINEAU Gaëlle RN,PINEAU,Gaëlle,RN,44,far_right
215,2,KERVRAN Loïc ENS,KERVRAN,Loïc,ENS,18,center
216,2,LALOUX Grégoire RN,LALOUX,Grégoire,RN,57,far_right
217,2,DEMANGE-FIERLEJ Nadine RN,DEMANGE-FIERLEJ,Nadine,RN,31,far_right
218,2,SAYAH Céline RN,SAYAH,Céline,RN,59,far_right
219,2,MARKOWSKY Pascal RN,MARKOWSKY,Pascal,RN,17,far_right
220,2,LAHONDÈS Aurore RN,LAHONDÈS,Aurore,RN,49,far_right
221,2,CHAPRON Philippe RN,CHAPRON,Philippe,RN,14,far_right
222,2,RICHARD Elsa UG,RICHARD,Elsa,UG,49,left
223,2,REYMBAUT Anne UG,REYMBAUT,Anne,UG,69,left
224,2,VILLEDIEU Antoine RN,VILLEDIEU,Antoine,RN,70,far_right
225,2,GABARRON Julien RN,GABARRON,Julien,RN,34,far_right
226,2,JUSTE Christine UG,JUSTE,Christine,UG,13,left
227,2,RANC Angélique RN,RANC,Angélique,RN,10,far_right
228,2,SIMON Océane RN,SIMON,Océane,RN,57,far_right
229,2,DUBARRY Karine RN,DUBARRY,Karine,RN,1,far_right
230,2,LEVAVASSEUR Katiana RN,LEVAVASSEUR,Katiana,RN,27,far_right
231,2,MARTIN Didier ENS,MARTIN,Didier,ENS,21,center
232,2,ACCART Maxence RN,ACCART,Maxence,RN,59,far_right
233,2,BERNARD Brice RN,BERNARD,Brice,RN,73,far_right
234,2,WUNSCH Mylène RN,WUNSCH,Mylène,RN,36,far_right
235,2,MOREL A L'HUISSIER Pierre DVD,MOREL A L'HUISSIER,Pierre,DVD,48,right
236,2,BRULEBOIS Danielle ENS,BRULEBOIS,Danielle,ENS,39,center
237,2,RIOULT Olivier RN,RIOULT,Olivier,RN,13,far_right
238,2,CULLELL Nathalie UG,CULLELL,Nathalie,UG,66,left
239,2,MANENC Aurélien UG,MANENC,Aurélien,UG,34,left
240,2,AMBLARD Maxime RN,AMBLARD,Maxime,RN,55,far_right
241,2,GOUPY Natacha RN,GOUPY,Natacha,RN,91,far_right
242,2,BALAGE EL MARIKY Léa UG,BALAGE EL MARIKY,Léa,UG,75,left
243,2,LUQUET Aude ENS,LUQUET,Aude,ENS,77,center
244,2,VERZELETTI Céline UG,VERZELETTI,Céline,UG,75,left
245,2,ALBRAND Louis RN,ALBRAND,Louis,RN,5,far_right
246,2,SOUBELET Cécile UG,SOUBELET,Cécile,UG,92,left
247,2,LECA Daniel UDI,LECA,Daniel,UDI,60,right
248,2,HERVIEU Catherine UG,HERVIEU,Catherine,UG,21,left
249,2,GUIBERT Julien RN,GUIBERT,Julien,RN,58,far_right
250,2,CHADOURNE Sandrine RN,CHADOURNE,Sandrine,RN,33,far_right
251,2,SOTHER Thierry UG,SOTHER,Thierry,UG,67,left
252,2,MÉNAGÉ Thomas RN,MÉNAGÉ,Thomas,RN,45,far_right
253,2,BAZIN Thibault LR,BAZIN,Thibault,LR,54,right
254,2,BELLAMY Béatrice ENS,BELLAMY,Béatrice,ENS,85,center
255,2,AÏDAROUS Wassila UG,AÏDAROUS,Wassila,UG,13,left
256,2,KIEFFER Denis RN,KIEFFER,Denis,RN,67,far_right
257,2,DA CONCEICAO CARVALHO Nathalie RN,DA CONCEICAO CARVALHO,Nathalie,RN,91,far_right
258,2,BENOIT Thierry ENS,BENOIT,Thierry,ENS,35,center
259,2,HIGNET Mathilde UG,HIGNET,Mathilde,UG,35,left
260,2,BONNIVARD Emilie LR,BONNIVARD,Emilie,LR,73,right
261,2,SCHREIBER Frédérique RN,SCHREIBER,Frédérique,RN,38,far_right
262,2,HADIZADEH Ayda UG,HADIZADEH,Ayda,UG,95,left
263,2,LEMOIGNE Romain RN,LEMOIGNE,Romain,RN,72,far_right
264,2,GUIHOT-VIEIRA Nathalie RN,GUIHOT-VIEIRA,Nathalie,RN,56,far_right
265,2,TANGUY Jean-Philippe RN,TANGUY,Jean-Philippe,RN,80,far_right
266,2,CHAIX Bernard UXD,CHAIX,Bernard,UXD,6,far_right
267,2,DARRIEUSSECQ Geneviève ENS,DARRIEUSSECQ,Geneviève,ENS,40,center
268,2,ROSSET Marine UG,ROSSET,Marine,UG,75,left
269,2,LEGER Céline UG,LEGER,Céline,UG,57,left
270,2,FERNANDES Emmanuel UG,FERNANDES,Emmanuel,UG,67,left
271,2,FOURNIER Charles UG,FOURNIER,Charles,UG,37,left
272,2,POUDROUX Jean-Luc RN,POUDROUX,Jean-Luc,RN,974,far_right
273,2,MARTIN Patrice RN,MARTIN,Patrice,RN,76,far_right
274,2,AMAND Michael RN,AMAND,Michael,RN,91,far_right
275,2,MINOT Emma RN,MINOT,Emma,RN,28,far_right
276,2,HAI Nadia ENS,HAI,Nadia,ENS,78,center
277,2,BIGOT Guillaume RN,BIGOT,Guillaume,RN,90,far_right
278,2,COURBON Pierrick UG,COURBON,Pierrick,UG,42,left
279,2,MAILLARD Sylvain ENS,MAILLARD,Sylvain,ENS,75,center
280,2,LELOUIS Gisèle RN,LELOUIS,Gisèle,RN,13,far_right
281,2,COUDERT Thierry UXD,COUDERT,Thierry,UXD,21,far_right
282,2,DAUBIÉ Romain ENS,DAUBIÉ,Romain,ENS,1,center
283,2,MUSCHOTTI Cécile ENS,MUSCHOTTI,Cécile,ENS,83,center
284,2,FOUGERON Corine RN,FOUGERON,Corine,RN,37,far_right
285,2,BROSSE Anthony ENS,BROSSE,Anthony,ENS,45,center
286,2,HEUSÈLE Alban RN,HEUSÈLE,Alban,RN,62,far_right
287,2,WILLIAM Jiovanny REG,WILLIAM,Jiovanny,REG,972,other
288,2,SEITLINGER Vincent LR,SEITLINGER,Vincent,LR,57,right
289,2,BRETON Xavier LR,BRETON,Xavier,LR,1,right
290,2,BRACH Pryscillia RN,BRACH,Pryscillia,RN,77,far_right
291,2,BLANC Felix UG,BLANC,Felix,UG,4,left
292,2,VERRIERE François RN,VERRIERE,François,RN,64,far_right
293,2,MARTIN Alexandra LR,MARTIN,Alexandra,LR,6,right
294,2,CHAMPEAU Dorothée RN,CHAMPEAU,Dorothée,RN,79,far_right
295,2,CARAYON Guilhem UXD,CARAYON,Guilhem,UXD,81,far_right
296,2,BISIAUX Achille RN,BISIAUX,Achille,RN,51,far_right
297,2,JEANDENAND Floriane RN,JEANDENAND,Floriane,RN,25,far_right
298,2,BERTHONNEAU Rémy RN,BERTHONNEAU,Rémy,RN,33,far_right
299,2,TAVEL Matthias UG,TAVEL,Matthias,UG,44,left
300,2,PEREZ Christian RN,PEREZ,Christian,RN,29,far_right
301,2,BOTHOREL Eric ENS,BOTHOREL,Eric,ENS,22,center
302,2,DE MELLON Odile RN,DE MELLON,Odile,RN,22,far_right
303,2,THOMIN Mélanie UG,THOMIN,Mélanie,UG,29,left
304,2,BÉNARD Edouard UG,BÉNARD,Edouard,UG,76,left
305,2,LEBERT Grégory UG,LEBERT,Grégory,UG,29,left
306,2,LE HÉNANFF Anne ENS,LE HÉNANFF,Anne,ENS,56,center
307,2,HENRIET Pierre ENS,HENRIET,Pierre,ENS,85,center
308,2,MOURTOUX Jean-François UXD,MOURTOUX,Jean-François,UXD,78,far_right
309,2,COLOMBIER Caroline RN,COLOMBIER,Caroline,RN,16,far_right
310,2,SOULAT Eric RN,SOULAT,Eric,RN,86,far_right
311,2,GRISETI Monique RN,GRISETI,Monique,RN,13,far_right
312,2,JEANBRUN Vincent LR,JEANBRUN,Vincent,LR,94,right
313,2,ROBIN Jules UXD,ROBIN,Jules,UXD,37,far_right
314,2,BOURGEAUX Jean-Luc DVD,BOURGEAUX,Jean-Luc,DVD,35,right
315,2,BEAUMONT Frédéric SOC,BEAUMONT,Frédéric,SOC,975,left
316,2,PIC Anna UG,PIC,Anna,UG,50,left
317,2,MYARD Jacques DVD,MYARD,Jacques,DVD,78,right
318,2,LARAICHI Oussama UG,LARAICHI,Oussama,UG,ZZ,left
319,2,MONTIER Jean-Cyril RN,MONTIER,Jean-Cyril,RN,76,far_right
320,2,AWAD Mohamed FI,AWAD,Mohamed,FI,93,left
321,2,GUIRAUD David UG,GUIRAUD,David,UG,59,left
322,2,CHALUS Benjamin RN,CHALUS,Benjamin,RN,63,far_right
323,2,BUISSON Jérôme RN,BUISSON,Jérôme,RN,1,far_right
324,2,GUSTAVE Steevy UG,GUSTAVE,Steevy,UG,91,left
325,2,KHALIFA Frank RN,KHALIFA,Frank,RN,31,far_right
326,2,WOLFF Marc RN,WOLFF,Marc,RN,67,far_right
327,2,LEPVRAUD Murielle UG,LEPVRAUD,Murielle,UG,22,left
328,2,GAILLOT DURAND Lucie UG,GAILLOT DURAND,Lucie,UG,69,left
329,2,LACRESSE Emmanuel ENS,LACRESSE,Emmanuel,ENS,54,center
330,2,DAVI Hendrik DVG,DAVI,Hendrik,DVG,13,left
331,2,MONFORT Isabelle ENS,MONFORT,Isabelle,ENS,83,center
332,2,LE CUILLIER Katel RN,LE CUILLIER,Katel,RN,56,far_right
333,2,ROBIN Philippe UXD,ROBIN,Philippe,UXD,79,far_right
334,2,LA MARCA Angelina RN,LA MARCA,Angelina,RN,42,far_right
335,2,BLANES Patrick UG,BLANES,Patrick,UG,84,left
336,2,GRENON Daniel RN,GRENON,Daniel,RN,89,far_right
337,2,PERS Nadine RN,PERS,Nadine,RN,63,far_right
338,2,BECKER Monique RN,BECKER,Monique,RN,64,far_right
339,2,RENAULT Matthias RN,RENAULT,Matthias,RN,80,far_right
340,2,LE COQ Aurélien UG,LE COQ,Aurélien,UG,59,left
341,2,DE OLIVEIRA Virginia RN,DE OLIVEIRA,Virginia,RN,41,far_right
342,2,MARSAUD Sandra ENS,MARSAUD,Sandra,ENS,16,center
343,2,LECHON Nadine RN,LECHON,Nadine,RN,24,far_right
344,2,MEURIN Pierre RN,MEURIN,Pierre,RN,30,far_right
345,2,PERIER Jean-François RN,PERIER,Jean-François,RN,93,far_right
346,2,HERBILLON Michel LR,HERBILLON,Michel,LR,94,right
347,2,SIMON Franck RN,SIMON,Franck,RN,50,far_right
348,2,BUCHOU Stéphane ENS,BUCHOU,Stéphane,ENS,85,center
349,2,REGOL Sandra UG,REGOL,Sandra,UG,67,left
350,2,DELIMI Halima UG,DELIMI,Halima,UG,ZZ,left
351,2,MELET Patricia RN,MELET,Patricia,RN,54,far_right
352,2,BOUCHER Nicolas ENS,BOUCHER,Nicolas,ENS,35,center
353,2,PILATO René UG,PILATO,René,UG,16,left
354,2,GIRARD Damien UG,GIRARD,Damien,UG,56,left
355,2,MARQUES François-Xavier RN,MARQUES,François-Xavier,RN,33,far_right
356,2,MONTEIL Olivier RN,MONTEIL,Olivier,RN,65,far_right
357,2,PRANDT Victor UG,PRANDT,Victor,UG,69,left
358,2,MOUTCHOU Naïma ENS,MOUTCHOU,Naïma,ENS,95,center
359,2,MÉLIN Joëlle RN,MÉLIN,Joëlle,RN,13,far_right
360,2,CHKERI Karim UG,CHKERI,Karim,UG,26,left
361,2,HAITI EPOUSE FLOSSE Pascale DVD,HAITI EPOUSE FLOSSE,Pascale,DVD,987,right
362,2,VOJETTA Stéphane DVC,VOJETTA,Stéphane,DVC,ZZ,center
363,2,CAURE Vincent ENS,CAURE,Vincent,ENS,ZZ,center
364,2,DI MEO Elsa UG,DI MEO,Elsa,UG,ZZ,left
365,2,PLASSARD Christophe HOR,PLASSARD,Christophe,HOR,17,center
366,2,COUSSEDIERE Vincent RN,COUSSEDIERE,Vincent,RN,67,far_right
367,2,BAMANA Anchya RN,BAMANA,Anchya,RN,976,far_right
368,2,RECHAGNEUX Julie RN,RECHAGNEUX,Julie,RN,33,far_right
369,2,MARCHAL Jean-Michel RN,MARCHAL,Jean-Michel,RN,2B,far_right
370,2,DIOP Dieynaba UG,DIOP,Dieynaba,UG,78,left
371,2,DI SPIGNO Yaqine UG,DI SPIGNO,Yaqine,UG,38,left
372,2,AMARA Adel UG,AMARA,Adel,UG,94,left
373,2,LELANDAIS Sophie RN,LELANDAIS,Sophie,RN,78,far_right
374,2,MOREL Jean Jacques RN,MOREL,Jean Jacques,RN,974,far_right
375,2,LECOQ Jean-Paul UG,LECOQ,Jean-Paul,UG,76,left
376,2,SAINT-PASTEUR Sébastien UG,SAINT-PASTEUR,Sébastien,UG,33,left
377,2,STEVENSON Ismaël UG,STEVENSON,Ismaël,UG,42,left
378,2,GRIMPRET Mathieu RN,GRIMPRET,Mathieu,RN,60,far_right
379,2,VUIBERT Lionel ENS,VUIBERT,Lionel,ENS,8,center
380,2,ROUMEGAS Jean-Louis UG,ROUMEGAS,Jean-Louis,UG,34,left
381,2,HUYGHE Sébastien DVD,HUYGHE,Sébastien,DVD,59,right
382,2,MILLER Laure ENS,MILLER,Laure,ENS,51,center
383,2,DE COURSON Charles DVC,DE COURSON,Charles,DVC,51,center
384,2,BOULARD Geoffroy DVD,BOULARD,Geoffroy,DVD,75,right
385,2,MALDINEY Bastian RN,MALDINEY,Bastian,RN,44,far_right
386,2,LIORET René RN,LIORET,René,RN,21,far_right
387,2,ALEXANDRE Laurent UG,ALEXANDRE,Laurent,UG,12,left
388,2,BONNECARRERE Philippe DVC,BONNECARRERE,Philippe,DVC,81,center
389,2,POTIER Dominique UG,POTIER,Dominique,UG,54,left
390,2,BOURGEAULT Edouard RN,BOURGEAULT,Edouard,RN,49,far_right
391,2,DUFOUR Alma UG,DUFOUR,Alma,UG,76,left
392,2,CHRISTOPHE Paul DVD,CHRISTOPHE,Paul,DVD,59,right
393,2,BELZIDSKY Nadine RN,BELZIDSKY,Nadine,RN,61,far_right
394,2,QUATREBOEUFS Marie Hélène UXD,QUATREBOEUFS,Marie Hélène,UXD,59,far_right
395,2,POUTOU Philippe UG,POUTOU,Philippe,UG,11,left
396,2,VIRY Stéphane DVD,VIRY,Stéphane,DVD,88,right
397,2,RHARMAOUI-CLAQUIN Asma UG,RHARMAOUI-CLAQUIN,Asma,UG,ZZ,left
398,2,BOUCARD Ian LR,BOUCARD,Ian,LR,90,right
399,2,FERRARI Marina ENS,FERRARI,Marina,ENS,73,center
400,2,RAUCH Isabelle ENS,RAUCH,Isabelle,ENS,57,center
401,2,AUTRAND Adhémar UXD,AUTRAND,Adhémar,UXD,26,far_right
402,2,TOLASSY Rody RN,TOLASSY,Rody,RN,971,far_right
403,2,LENOIR Bartolomé UXD,LENOIR,Bartolomé,UXD,23,far_right
404,2,SALVINO Valentin UXD,SALVINO,Valentin,UXD,78,far_right
405,2,CALVEZ Céline ENS,CALVEZ,Céline,ENS,92,center
406,2,LEONARDELLI Julien RN,LEONARDELLI,Julien,RN,31,far_right
407,2,BANNIER Géraldine ENS,BANNIER,Géraldine,ENS,53,center
408,2,BARBARIN Olivier UG,BARBARIN,Olivier,UG,62,left
409,2,POUSSIER-WINSBACK Marie-Agnès HOR,POUSSIER-WINSBACK,Marie-Agnès,HOR,76,center
410,2,BARAILLÉ Julien UG,BARAILLÉ,Julien,UG,66,left
411,2,VUILLEMIN-PLANCON Aurore RN,VUILLEMIN-PLANCON,Aurore,RN,39,far_right
412,2,LAM Thomas LR,LAM,Thomas,LR,92,right
413,2,GUMBS Frantz DVC,GUMBS,Frantz,DVC,ZX,center
414,2,QUARENA Ariane RN,QUARENA,Ariane,RN,2A,far_right
415,2,RIST Stéphanie ENS,RIST,Stéphanie,ENS,45,center
416,2,DORO Joan RN,DORO,Joan,RN,974,far_right
417,2,LEGROS Valérie RN,LEGROS,Valérie,RN,974,far_right
418,2,ZELLER Anthony RN,ZELLER,Anthony,RN,45,far_right
419,2,QUENEY Rémy RN,QUENEY,Rémy,RN,3,far_right
420,2,DUTREMBLE Aurélien RN,DUTREMBLE,Aurélien,RN,71,far_right
421,2,MONPLAISIR Yan DVD,MONPLAISIR,Yan,DVD,972,right
422,2,LE NABOUR Christine ENS,LE NABOUR,Christine,ENS,35,center
423,2,KURDZIEL Marie-Françoise RN,KURDZIEL,Marie-Françoise,RN,50,far_right
424,2,WALTER Léo UG,WALTER,Léo,UG,4,left
425,2,LASSALLE Jean DVD,LASSALLE,Jean,DVD,64,right
426,2,PEREZ Thierry RN,PEREZ,Thierry,RN,38,far_right
427,2,CARBRIAND Jérôme UXD,CARBRIAND,Jérôme,UXD,91,far_right
428,2,CELCE Céline UG,CELCE,Céline,UG,84,left
429,2,TREBUCHET Vincent UXD,TREBUCHET,Vincent,UXD,7,far_right
430,2,CHAUSSALET Alexis DVG,CHAUSSALET,Alexis,DVG,974,left
431,2,DUBY-MULLER Virginie LR,DUBY-MULLER,Virginie,LR,74,right
432,2,RAMAGE Sébastien UG,RAMAGE,Sébastien,UG,78,left
433,2,DUBOIS Olivier RN,DUBOIS,Olivier,RN,28,far_right
434,2,RACT-BRANCAZ Pauline RN,RACT-BRANCAZ,Pauline,RN,73,far_right
435,2,LE GALL Arnaud UG,LE GALL,Arnaud,UG,95,left
436,2,PRATS Charles UXD,PRATS,Charles,UXD,74,far_right
437,2,VAUGARNY Pierre RN,VAUGARNY,Pierre,RN,72,far_right
438,2,EL HAÏRY Sarah ENS,EL HAÏRY,Sarah,ENS,44,center
439,2,VILLIERS André ENS,VILLIERS,André,ENS,89,center
440,2,CHAUMONT Yannick RN,CHAUMONT,Yannick,RN,69,far_right
441,2,KA Amadou UG,KA,Amadou,UG,60,left
442,2,BEN CHEÏKH Karim UG,BEN CHEÏKH,Karim,UG,ZZ,left
443,2,VIENNE Gérard RN,VIENNE,Gérard,RN,61,far_right
444,2,VALLAUD Boris UG,VALLAUD,Boris,UG,40,left
445,2,ALLEMAND Marie-José UG,ALLEMAND,Marie-José,UG,5,left
446,2,MONETTI Graig ENS,MONETTI,Graig,ENS,6,center
447,2,DUPONT Stella ENS,DUPONT,Stella,ENS,49,center
448,2,CHAILLOUX Steve UG,CHAILLOUX,Steve,UG,987,left
449,2,ROULLAUD Béatrice RN,ROULLAUD,Béatrice,RN,77,far_right
450,2,BASTERES Maryvonne RN,BASTERES,Maryvonne,RN,33,far_right
451,2,MORAND Anne RN,MORAND,Anne,RN,59,far_right
452,2,SIFFERT Marc UXD,SIFFERT,Marc,UXD,36,far_right
453,2,METTELET Jean-Louis RN,METTELET,Jean-Louis,RN,78,far_right
454,2,FERRAND Albéric RN,FERRAND,Albéric,RN,10,far_right
455,2,AUBERT Nathalie RN,AUBERT,Nathalie,RN,68,far_right
456,2,TACHE DE LA PAGERIE Emmanuel RN,TACHE DE LA PAGERIE,Emmanuel,RN,13,far_right
457,2,GIRARDIN Eric ENS,GIRARDIN,Eric,ENS,51,center
458,2,AVIRAGNET Joël UG,AVIRAGNET,Joël,UG,31,left
459,2,MAUREL Emmanuel UG,MAUREL,Emmanuel,UG,95,left
460,2,FERRER Sylvie UG,FERRER,Sylvie,UG,65,left
461,2,CHENEVARD Yannick ENS,CHENEVARD,Yannick,ENS,83,center
462,2,OBERTI Jacques UG,OBERTI,Jacques,UG,31,left
463,2,PORTIER Alexandre LR,PORTIER,Alexandre,LR,69,right
464,2,BECHT Olivier ENS,BECHT,Olivier,ENS,68,center
465,2,QUENTIN David RN,QUENTIN,David,RN,95,far_right
466,2,PETIT Laurent RN,PETIT,Laurent,RN,971,far_right
467,2,BOURCET-GINER Véronique ENS,BOURCET-GINER,Véronique,ENS,13,center
468,2,ALANOU Annick RN,ALANOU,Annick,RN,29,far_right
469,2,CHÉREAU Frédéric UG,CHÉREAU,Frédéric,UG,59,left
470,2,RIOTTON Véronique ENS,RIOTTON,Véronique,ENS,74,center
471,2,CANIN Julien ENS,CANIN,Julien,ENS,27,center
472,2,CHARTIER Jean-Philippe RN,CHARTIER,Jean-Philippe,RN,12,far_right
473,2,BRAULT Gaetan RN,BRAULT,Gaetan,RN,78,far_right
474,2,JOUBERT Florence RN,JOUBERT,Florence,RN,24,far_right
475,2,PROENÇA Christophe UG,PROENÇA,Christophe,UG,46,left
476,2,TIVOLI Lionel RN,TIVOLI,Lionel,RN,6,far_right
477,2,ZULESI Jean-Marc ENS,ZULESI,Jean-Marc,ENS,13,center
478,2,TAVERNIER Boris UG,TAVERNIER,Boris,UG,69,left
479,2,BREGEON Maud ENS,BREGEON,Maud,ENS,92,center
480,2,MIDY Paul ENS,MIDY,Paul,ENS,91,center
481,2,DUVERNOIS Magali UG,DUVERNOIS,Magali,UG,25,left
482,2,GRANGER Grégoire RN,GRANGER,Grégoire,RN,42,far_right
483,2,PONGA Alcide DVD,PONGA,Alcide,DVD,988,right
484,2,KELOUA HACHI Fatiha UG,KELOUA HACHI,Fatiha,UG,93,left
485,2,PETEX Christelle DVD,PETEX,Christelle,DVD,74,right
486,2,FAUVAGE Edouard RN,FAUVAGE,Edouard,RN,14,far_right
487,2,CHRISTOPHLE Paul UG,CHRISTOPHLE,Paul,UG,26,left
488,2,MINOT Maxime LR,MINOT,Maxime,LR,60,right
489,2,DARMANIN Gérald ENS,DARMANIN,Gérald,ENS,59,center
490,2,CIOT Jean-David UG,CIOT,Jean-David,UG,13,left
491,2,TRAVERT Stéphane ENS,TRAVERT,Stéphane,ENS,50,center
492,2,FOURETS Suzanne Maryse Denise RN,FOURETS,Suzanne Maryse Denise,RN,43,far_right
493,2,PECOUT Roger UXD,PECOUT,Roger,UXD,28,far_right
494,2,GENETET Anne ENS,GENETET,Anne,ENS,ZZ,center
495,2,TAÏEB Quentin UXD,TAÏEB,Quentin,UXD,74,far_right
496,2,MENDES Ludovic ENS,MENDES,Ludovic,ENS,57,center
497,2,FUSIS Eric RN,FUSIS,Eric,RN,25,far_right
498,2,LEMAIRE Didier ENS,LEMAIRE,Didier,ENS,68,center
499,2,ARMAND Antoine ENS,ARMAND,Antoine,ENS,74,center
500,2,CORNELOUP Josiane LR,CORNELOUP,Josiane,LR,71,right
501,2,FABRE-AUBRESPY Hervé RN,FABRE-AUBRESPY,Hervé,RN,13,far_right
4,3,BOYARD Louis UG,BOYARD,Louis,UG,94,left
6,3,ROBY Agathe UG,ROBY,Agathe,UG,31,left
16,3,DU CHALARD Thomas RN,DU CHALARD,Thomas,RN,78,far_right
24,3,MATTEUCCI Fabrice UG,MATTEUCCI,Fabrice,UG,69,left
31,3,MOUTON Laurent RN,MOUTON,Laurent,RN,69,far_right
36,3,LEFEVRE Mathieu ENS,LEFEVRE,Mathieu,ENS,94,center
38,3,VÉRAN Olivier ENS,VÉRAN,Olivier,ENS,38,center
39,3,VEGA Thiebauld RN,VEGA,Thiebauld,RN,91,far_right
42,3,MONNIER Thibaut RN,MONNIER,Thibaut,RN,26,far_right
43,3,SALANON Violette ENS,SALANON,Violette,ENS,59,center
54,3,LE FEUR Sandrine ENS,LE FEUR,Sandrine,ENS,29,center
56,3,MOURGERES Manon RN,MOURGERES,Manon,RN,77,far_right
62,3,CHAMBELIN Lola RN,CHAMBELIN,Lola,RN,31,far_right
63,3,JOUANNEAU Guillaume UG,JOUANNEAU,Guillaume,UG,49,left
66,3,BESSE Véronique DVD,BESSE,Véronique,DVD,85,right
67,3,MOREAU France UG,MOREAU,France,UG,49,left
70,3,HERITIER Louise UG,HERITIER,Louise,UG,3,left
73,3,KERVELLA Denis RN,KERVELLA,Denis,RN,29,far_right
74,3,TAURINYA Andrée UG,TAURINYA,Andrée,UG,42,left
79,3,DEVÈZE Christian ENS,DEVÈZE,Christian,ENS,64,center
88,3,RAUX Jean-Claude UG,RAUX,Jean-Claude,UG,44,left
90,3,SABOURIN Anne-Gaëlle RN,SABOURIN,Anne-Gaëlle,RN,94,far_right
91,3,PAPIN Céline UG,PAPIN,Céline,UG,33,left
94,3,ADAM Damien ENS,ADAM,Damien,ENS,76,center
97,3,HAMDANE Zahia UG,HAMDANE,Zahia,UG,80,left
105,3,HOULIÉ Sacha ENS,HOULIÉ,Sacha,ENS,86,center
109,3,POUGET Maïtey RN,POUGET,Maïtey,RN,19,far_right
115,3,BENBRAHIM Karim UG,BENBRAHIM,Karim,UG,44,left
119,3,LEJEUNE Claire UG,LEJEUNE,Claire,UG,91,left
121,3,BILLAUD Françoise RN,BILLAUD,Françoise,RN,22,far_right
122,3,ERRANTE Sophie ENS,ERRANTE,Sophie,ENS,44,center
130,3,ROUAUX Claudia UG,ROUAUX,Claudia,UG,35,left
135,3,BELLUCO Lisa UG,BELLUCO,Lisa,UG,86,left
139,3,CHANDLER Émilie ENS,CHANDLER,Émilie,ENS,95,center
142,3,MIHAYLOVA Slavka RN,MIHAYLOVA,Slavka,RN,46,far_right
143,3,LAHAIS Tristan UG,LAHAIS,Tristan,UG,35,left
152,3,VIDAL-SAGNIER Odile UG,VIDAL-SAGNIER,Odile,UG,59,left
155,3,MUSCIANISI Sihame UG,MUSCIANISI,Sihame,UG,92,left
160,3,ANNEREAU Matthieu ENS,ANNEREAU,Matthieu,ENS,44,center
168,3,CERNON Bérenger UG,CERNON,Bérenger,UG,91,left
169,3,KOURICHE Fatima UG,KOURICHE,Fatima,UG,71,left
185,3,DOS SANTOS DE OLIVEIRA Camille RN,DOS SANTOS DE OLIVEIRA,Camille,RN,87,far_right
186,3,GRANGIER Cyrille RN,GRANGIER,Cyrille,RN,7,far_right
192,3,BEOUT Caroline RN,BEOUT,Caroline,RN,31,far_right
195,3,RECALDE Marie UG,RECALDE,Marie,UG,33,left
196,3,BRUNA Annika RN,BRUNA,Annika,RN,95,far_right
197,3,PIGNAL Cédric RN,PIGNAL,Cédric,RN,69,far_right
202,3,MEUNIER Manon UG,MEUNIER,Manon,UG,87,left
203,3,CROIZIER Laurent ENS,CROIZIER,Laurent,ENS,25,center
208,3,CLEMENT Louis RN,CLEMENT,Louis,RN,63,far_right
214,3,LAERNOES Julie UG,LAERNOES,Julie,UG,44,left
218,3,CHOUIA Karima UG,CHOUIA,Karima,UG,59,left
222,3,LOUVIGNE Hugo RN,LOUVIGNE,Hugo,RN,49,far_right
223,3,SERRE Nathalie LR,SERRE,Nathalie,LR,69,right
225,3,CROZIER Magali UG,CROZIER,Magali,UG,34,left
231,3,HUMBLOT-CORNILLE Cyline RN,HUMBLOT-CORNILLE,Cyline,RN,21,far_right
235,3,PANTEL Sophie UG,PANTEL,Sophie,UG,48,left
243,3,MICHEL Théo UXD,MICHEL,Théo,UXD,77,far_right
251,3,DÔ Stéphanie RN,DÔ,Stéphanie,RN,67,far_right
270,3,BREITMAN Rebecca ENS,BREITMAN,Rebecca,ENS,67,center
276,3,ROUSSEAU Aurélien UG,ROUSSEAU,Aurélien,UG,78,left
294,3,MARCHIVE Bastien DVC,MARCHIVE,Bastien,DVC,79,center
301,3,LEMAITRE Marielle UG,LEMAITRE,Marielle,UG,22,left
305,3,HÉNAFF Christel RN,HÉNAFF,Christel,RN,29,far_right
308,3,BOURDON Céline UG,BOURDON,Céline,UG,78,left
317,3,BRAUN-PIVET Yaël ENS,BRAUN-PIVET,Yaël,ENS,78,center
325,3,LAGLEIZE Jean-Luc ENS,LAGLEIZE,Jean-Luc,ENS,31,center
328,3,ISAAC-SIBILLE Cyrille ENS,ISAAC-SIBILLE,Cyrille,ENS,69,center
329,3,HABLOT Stéphane UG,HABLOT,Stéphane,UG,54,left
337,3,BONNET Nicolas UG,BONNET,Nicolas,UG,63,left
352,3,REY DU BOISSIEU Jeanne RN,REY DU BOISSIEU,Jeanne,RN,35,far_right
353,3,LATUS Marion RN,LATUS,Marion,RN,16,far_right
354,3,LE GOFF Aurélie RN,LE GOFF,Aurélie,RN,56,far_right
372,3,PETIT Maud ENS,PETIT,Maud,ENS,94,center
373,3,POUZYREFF Natalia ENS,POUZYREFF,Natalia,ENS,78,center
376,3,COUILLARD Bérangère ENS,COUILLARD,Bérangère,ENS,33,center
377,3,VERMOREL-MARQUES Antoine LR,VERMOREL-MARQUES,Antoine,LR,42,right
403,3,COUTURIER Catherine UG,COUTURIER,Catherine,UG,23,left
425,3,LOPEZ Sylviane RN,LOPEZ,Sylviane,RN,64,far_right
432,3,JACQMIN Anne RN,JACQMIN,Anne,RN,78,far_right
438,3,COMBY Bruno UXD,COMBY,Bruno,UXD,44,far_right
440,3,BRUGNERA Anne ENS,BRUGNERA,Anne,ENS,69,center
446,3,CIOTTI Eric UXD,CIOTTI,Eric,UXD,6,far_right
447,3,BRISSEAU Thomas RN,BRISSEAU,Thomas,RN,49,far_right
450,3,PRUD'HOMME Loïc UG,PRUD'HOMME,Loïc,UG,33,left
451,3,BRUN Charlotte UG,BRUN,Charlotte,UG,59,left
453,3,OLIVE Karl ENS,OLIVE,Karl,ENS,78,center
468,3,HARVINDER Jugdeep UG,HARVINDER,Jugdeep,UG,29,left
475,3,BLANCHET Gérard Raymond RN,BLANCHET,Gérard Raymond,RN,46,far_right
488,3,PEN Loïc UG,PEN,Loïc,UG,60,left
490,3,PETEL Anne-Laurence ENS,PETEL,Anne-Laurence,ENS,13,center
66,4,NAGNONHOU Ilias ENS,NAGNONHOU,Ilias,ENS,85,center
223,4,DESPRAS Dominique ENS,DESPRAS,Dominique,ENS,69,center
